{
  "codebert": {
    "eval_loss": 0.7256947755813599,
    "eval_f1": 0.1889962200755985,
    "eval_precision": 0.12798634812286688,
    "eval_recall": 0.3611556982343499,
    "eval_runtime": 507.3024,
    "eval_samples_per_second": 65.147,
    "eval_steps_per_second": 4.073,
    "epoch": 3.0
  },
  "random_forest": {
    "eval_f1": 0.023964053919121316,
    "eval_precision": 0.1791044776119403,
    "eval_recall": 0.012841091492776886
  },
  "selected_model": "codebert"
}